pollutant,slope,slope_std_err,slope_ci_lower,slope_ci_upper,intercept,r_squared,p_value,significance,sample_size,traffic_mean,pollutant_mean
o3,0.002546327394427935,0.00018594500987607326,0.0021818654437093963,0.0029107893451464735,1.782721465708429e-15,0.006935222023638651,1.533212010279673e-42,***,26854,-1.1488068922371985e-13,1.4901976196473092e-15
no2,-0.0009217768347274663,8.607953932544823e-05,-0.0010904972367453262,-0.0007530564327096064,-9.017953594864904e-16,0.004252304758232514,1.052111836575195e-26,***,26854,-1.1488068922371985e-13,-7.959010014025402e-16
so2,-0.0002547532309677078,2.9624430943995217e-05,-0.0003128186660012749,-0.00019668779593414067,-2.7904366868506035e-16,0.002746428706288554,8.440467762508811e-18,***,26854,-1.1488068922371985e-13,-2.497774419295206e-16
co,-0.005969128691771146,0.0007844048782989202,-0.00750660330476827,-0.004431654078774022,-4.5662611229349085e-14,0.0021519347247554027,2.8361602194929796e-14,***,26854,-1.1488068922371985e-13,-4.4976873611173334e-14
no,-0.0003408002377622353,8.184972529736196e-05,-0.0005012299829193362,-0.0001803704926051344,-1.915579409383898e-16,0.0006452208322480194,3.1406529197720466e-05,***,26854,-1.1488068922371985e-13,-1.5240657473665663e-16
pm10,0.0001845043683100321,6.078418247228207e-05,6.536418954726689e-05,0.0003036445470727973,-5.206940545118689e-16,0.0003430097892309982,0.0024044605190074795,**,26854,-1.1488068922371985e-13,-5.418900435081125e-16
nh3,-5.923957854047891e-05,2.6437843865130173e-05,-0.00011105913613064664,-7.420020950311181e-06,-9.147580291019547e-17,0.0001869450705523113,0.025052915850320698,*,26854,-1.1488068922371985e-13,-8.467031929814257e-17
pm2_5,0.00010200602530546844,5.4399962054717926e-05,-4.620747323121443e-06,0.00020863279793405834,1.0277623540697753e-15,0.0001309245094651096,0.060788151860400236,ns,26854,-1.1488068922371985e-13,1.016043831577711e-15
